latitude,longitude,frp,acq_time,confidence,satellite
-33.12249,-71.59632,27.0,1819,n,N
-33.12615,-71.59565,27.0,1819,n,N
-33.12495,-71.59289,3.55,556,n,N
-33.12187,-71.59121,27.0,1819,n,N
-33.12554,-71.59057,27.0,1819,h,N
-33.12921,-71.58992,1.95,1819,n,N
-33.12127,-71.58617,21.66,1819,n,N
-33.12494,-71.58552,21.66,1819,n,N
-33.1707,-71.53123,49.82,1819,l,N
-33.17436,-71.53059,32.84,1819,l,N
-33.17252,-71.53029,2.3,556,n,N
-33.16908,-71.52959,2.3,556,n,N
-33.05191,-71.52919,323.6,1819,h,N
-33.06286,-71.52715,61.27,1819,l,N
-33.04041,-71.52668,26.88,1819,n,N
-33.17656,-71.52658,16.05,556,n,N
-33.06651,-71.52644,7.66,1819,n,N
-33.17009,-71.52626,202.78,1819,h,N
-33.17313,-71.52588,3.61,556,n,N
-33.17375,-71.52559,57.5,1819,l,N
-33.1697,-71.52518,3.61,556,n,N
-33.04768,-71.52509,241.75,1819,l,N
-33.06579,-71.5246,2.26,556,n,N
-33.05133,-71.52439,130.11,1819,h,N
-33.05497,-71.5237,130.11,1819,l,N
-33.03251,-71.52305,6.3,1819,n,N
-33.05862,-71.52301,17.82,1819,l,N
-33.18061,-71.52289,16.05,556,n,N
-33.07668,-71.52238,2.28,556,n,N
-33.06226,-71.52232,17.82,1819,l,N
-33.17718,-71.52219,16.05,556,n,N
-33.03981,-71.52179,26.88,1819,n,N
-33.15255,-71.52173,6.6,556,n,N
-33.07326,-71.52164,3.93,556,n,N
-33.06591,-71.5216,79.25,1819,n,N
-33.17376,-71.52147,3.61,556,n,N
-33.14911,-71.52106,6.6,556,n,N
-33.04345,-71.52101,241.75,1819,h,N
-33.06984,-71.5209,3.93,556,n,N
-33.17033,-71.52074,3.61,556,n,N
-33.14568,-71.52039,14.35,556,n,N
-33.04709,-71.52029,241.75,1819,h,N
-33.0732,-71.52019,75.35,1819,h,N
-33.06641,-71.52016,2.26,556,n,N
-33.14692,-71.52001,39.67,1819,n,N
-33.14225,-71.51971,14.35,556,n,N
-33.05074,-71.51958,130.11,1819,h,N
-33.07684,-71.51949,75.35,1819,l,N
-33.06299,-71.51943,2.26,556,n,N
-33.05438,-71.51885,130.11,1819,n,N
-33.05957,-71.5187,3.22,556,n,N
-33.16003,-71.51868,2.2,556,n,N
-33.1579,-71.5182,15.58,1819,n,N
-33.05802,-71.51813,17.82,1819,n,N
-33.1566,-71.51801,2.2,556,n,N
-33.05614,-71.51797,3.22,556,n,N
-33.07731,-71.51794,1.99,556,n,N
-33.03187,-71.5178,28.46,1819,n,N
-33.13195,-71.51764,4.78,556,n,N
-33.16156,-71.51757,15.58,1819,n,N
-33.15316,-71.51735,6.6,556,n,N
-33.03554,-71.5173,32.86,1819,l,N
-33.05272,-71.51723,0.89,556,n,N
-33.17437,-71.51707,1.04,556,n,N
-33.12852,-71.51695,4.78,556,n,N
-33.0392,-71.51675,32.86,1819,n,N
-33.14973,-71.51669,6.6,556,n,N
-33.04285,-71.51612,56.97,1819,n,N
-33.14629,-71.51604,14.35,556,n,N
-33.06895,-71.51601,79.25,1819,h,N
-33.04651,-71.51552,56.97,1819,l,N
-33.14285,-71.51535,14.35,556,n,N
-33.05014,-71.51472,72.71,1819,l,N
-33.13943,-71.51465,31.16,556,n,N
-33.136,-71.51395,31.16,556,n,N
-33.15362,-71.51375,148.99,1819,l,N
-33.17842,-71.51338,2.95,556,n,N
-33.13256,-71.51325,4.78,556,n,N
-33.08352,-71.51311,136.49,1819,l,N
-33.17499,-71.51266,1.04,556,n,N
-33.02869,-71.51256,7.99,556,n,N
-33.12913,-71.51255,4.78,556,n,N
-33.08715,-71.51234,33.61,1819,n,N
-33.15034,-71.51231,13.99,556,n,N
-33.10121,-71.51229,52.24,1819,l,N
-33.1257,-71.51188,3.67,556,n,N
-33.1469,-71.51166,4.31,556,n,N
-33.03857,-71.51162,32.86,1819,n,N
-33.11001,-71.51118,21.43,556,n,N
-33.10852,-71.51111,36.22,1819,n,N
-33.18933,-71.5111,0.81,556,n,N
-33.04224,-71.5111,56.97,1819,l,N
-33.0854,-71.51064,8.31,556,n,N
-33.11218,-71.51052,33.37,1819,n,N
-33.10658,-71.51051,21.43,556,n,N
-33.18589,-71.51041,0.81,556,n,N
-33.14004,-71.51028,1.0,556,n,N
-33.09805,-71.51005,146.29,1819,h,N
-33.03962,-71.51003,1.13,556,n,N
-33.11584,-71.50993,33.37,1819,n,N
-33.11539,-71.5099,5.53,556,n,N
-33.08197,-71.50988,3.31,556,n,N
-33.10314,-71.50986,4.82,556,n,N
-33.1366,-71.50958,1.0,556,n,N
-33.08967,-71.50939,31.24,1819,n,N
-33.11196,-71.50925,45.42,556,n,N
-33.0997,-71.50921,4.82,556,n,N
-33.07855,-71.50914,3.31,556,n,N
-33.17904,-71.50895,2.77,556,n,N
-33.13317,-71.50888,1.38,556,n,N
-33.10852,-71.50858,45.42,556,n,N
-33.0933,-71.50856,31.24,1819,l,N
-33.09626,-71.50855,6.69,556,n,N
-33.0293,-71.50822,4.3,556,n,N
-33.12975,-71.50817,1.38,556,n,N
-33.09285,-71.50781,6.69,556,n,N
-33.05054,-71.50767,3.53,556,n,N
-33.1006,-71.50723,320.68,1819,h,N
-33.08943,-71.50703,8.31,556,n,N
-33.04712,-71.50693,4.11,556,n,N
-33.11063,-71.5068,23.2,556,n,N
-33.18995,-71.50671,0.81,556,n,N
-33.10426,-71.50665,19.13,1819,l,N
-33.08601,-71.50627,8.31,556,n,N
-33.16531,-71.50619,1.95,556,n,N
-33.11944,-71.50615,7.32,556,n,N
-33.10719,-71.50614,23.2,556,n,N
-33.10791,-71.50606,19.13,1819,n,N
-33.18652,-71.50599,0.81,556,n,N
-33.04024,-71.50563,1.13,556,n,N
-33.08259,-71.50552,3.31,556,n,N
-33.116,-71.5055,7.32,556,n,N
-33.10376,-71.50549,48.48,556,n,N
-33.18309,-71.50526,2.77,556,n,N
-33.0368,-71.50502,1.13,556,n,N
-33.09742,-71.50497,58.06,1819,n,N
-33.11256,-71.50486,7.19,556,n,N
-33.10032,-71.50484,48.48,556,n,N
-33.17966,-71.50452,2.77,556,n,N
-33.13379,-71.5045,1.38,556,n,N
-33.10913,-71.5042,7.19,556,n,N
-33.09688,-71.50419,35.49,556,h,N
-33.19743,-71.50372,0.64,556,n,N
-33.09346,-71.50346,35.49,556,n,N
-33.05116,-71.50327,2.52,556,n,N
-33.194,-71.50301,0.64,556,n,N
-33.09004,-71.50268,1.04,556,n,N
-33.04773,-71.50255,1.16,556,n,N
-33.11125,-71.50243,23.2,556,n,N
-33.19057,-71.5023,0.73,556,n,N
-33.08662,-71.50192,1.04,556,n,N
-33.0196,-71.50191,3.01,556,n,N
-33.0443,-71.50186,1.16,556,n,N
-33.16593,-71.50179,1.95,556,n,N
-33.10781,-71.50178,23.2,556,n,N
-33.10365,-71.50157,19.13,1819,n,N
-33.18714,-71.50156,0.73,556,n,N
-33.01617,-71.50125,3.01,556,n,N
-33.04086,-71.50124,1.37,556,n,N
-33.16249,-71.50113,3.86,556,n,N
-33.10438,-71.50112,48.48,556,n,N
-33.18371,-71.50084,1.29,556,n,N
-33.13783,-71.50082,1.33,556,n,N
-33.03742,-71.5006,1.37,556,n,N
-33.10094,-71.50047,48.48,556,n,N
-33.18028,-71.50012,1.29,556,n,N
-33.1344,-71.50011,2.04,556,n,N
-33.03397,-71.50001,1.3,556,n,N
-33.10973,-71.49984,7.19,556,n,N
-33.0975,-71.49981,35.49,556,n,N
-33.03054,-71.4994,1.3,556,n,N
-33.02709,-71.49877,2.44,556,n,N
-33.18163,-71.49866,13.25,1819,n,N
-33.02365,-71.49816,2.44,556,n,N
-33.11187,-71.49806,1.08,556,n,N
-33.18528,-71.49797,56.59,1819,n,N
-33.19119,-71.49785,0.73,556,n,N
-33.02021,-71.49754,7.38,556,n,N
-33.10843,-71.49741,1.08,556,n,N
-33.16654,-71.4974,52.46,556,n,N
-33.01678,-71.4969,7.38,556,n,N
-33.105,-71.49677,1.01,556,n,N
-33.16311,-71.49674,1.96,556,n,N
-33.18433,-71.49643,1.29,556,n,N
-33.01334,-71.49628,5.1,556,n,N
-33.03804,-71.49619,1.37,556,n,N
-33.15966,-71.49609,1.96,556,n,N
-33.1809,-71.49571,1.29,556,n,N
-33.0346,-71.49557,1.3,556,n,N
-33.11034,-71.49547,1.15,556,n,N
-33.05582,-71.4952,0.89,556,n,N
-33.03115,-71.49497,1.3,556,n,N
-33.05238,-71.49448,0.89,556,n,N
-33.02771,-71.49434,2.44,556,n,N
-33.02427,-71.49376,2.44,556,n,N
-33.02082,-71.49318,7.38,556,n,N
-33.10905,-71.49303,1.08,556,n,N
-33.18466,-71.493,18.23,1819,h,N
-33.01738,-71.49257,7.38,556,n,N
-33.10562,-71.49237,1.01,556,n,N
-33.16372,-71.49234,1.96,556,n,N
-32.98706,-71.49213,0.69,556,n,N
-33.13905,-71.49201,1.33,556,n,N
-33.01395,-71.49191,5.1,556,n,N
-33.16028,-71.49168,1.96,556,n,N
-33.10218,-71.49168,1.01,556,n,N
-33.05986,-71.49154,1.55,556,n,N
-32.98363,-71.49149,0.89,556,n,N
-33.13562,-71.49131,8.21,556,n,N
-33.16578,-71.49116,56.32,1819,n,N
-33.03176,-71.49056,1.63,556,n,N
-33.12876,-71.48991,0.9,556,n,N
-33.02487,-71.48941,7.89,556,n,N
-33.12532,-71.48926,0.9,556,n,N
-33.02142,-71.48886,10.24,556,n,N
-33.12188,-71.48861,0.91,556,n,N
-33.10624,-71.48795,0.67,556,n,N
-33.16434,-71.48793,1.5,556,n,N
-33.1609,-71.48728,1.5,556,n,N
-33.11156,-71.48671,0.66,556,n,N
-33.12936,-71.48553,0.9,556,n,N
-33.11373,-71.48494,1.0,556,n,N
-33.02203,-71.48449,10.24,556,n,N
-33.12249,-71.48425,0.91,556,n,N
-33.1103,-71.48424,1.0,556,n,N
-33.0433,-71.48373,0.9,556,n,N
-33.17978,-71.48368,10.32,1819,n,N
-33.11905,-71.48361,0.91,556,n,N
-33.03987,-71.48305,0.9,556,n,N
-33.11561,-71.48296,0.66,556,n,N
-33.16152,-71.48286,1.5,556,n,N
-33.13685,-71.48251,0.84,556,n,N
-33.03643,-71.48241,1.87,556,n,N
-33.11217,-71.48227,0.66,556,n,N
-33.13341,-71.48181,0.84,556,n,N
-33.15462,-71.48161,3.98,556,n,N
-33.12998,-71.48112,1.15,556,n,N
-33.15119,-71.48096,3.54,556,n,N
-33.0261,-71.48064,1.01,556,n,N
-33.11435,-71.48051,0.69,556,n,N
-33.02264,-71.48009,6.21,556,n,N
-33.14432,-71.47958,1.02,556,n,N
-33.0192,-71.47948,6.21,556,n,N
-33.04392,-71.47932,0.9,556,n,N
-33.01577,-71.47879,9.85,556,n,N
-33.17916,-71.47868,10.32,1819,h,N
-33.04049,-71.47863,0.9,556,n,N
-33.1828,-71.478,7.52,1819,n,N
-33.13059,-71.47667,1.15,556,n,N
-33.15181,-71.47655,2.29,556,n,N
-33.14837,-71.47586,2.29,556,n,N
-33.02325,-71.47574,6.21,556,n,N
-33.04797,-71.47562,3.17,556,n,N
-33.00806,-71.47517,15.56,1819,n,N
-33.14494,-71.47515,0.78,556,n,N
-33.01981,-71.47514,6.21,556,n,N
-33.04453,-71.47493,2.07,556,n,N
-33.16619,-71.47465,1.21,556,n,N
-33.01638,-71.47446,9.85,556,n,N
-33.01169,-71.47443,15.56,1819,n,N
-33.10471,-71.47381,0.99,556,n,N
-33.17854,-71.47369,14.09,1819,n,N
-33.05545,-71.47262,1.5,556,n,N
-33.0002,-71.47176,8.35,1819,n,N
-33.00384,-71.47102,8.35,1819,n,N
-33.10738,-71.47079,41.55,1819,l,N
-33.00746,-71.47025,60.59,1819,n,N
-33.01109,-71.46947,60.59,1819,l,N
-33.0595,-71.46889,0.83,556,n,N
-33.01472,-71.46875,50.08,1819,l,N
-33.10192,-71.46861,1.48,556,n,N
-33.05606,-71.46825,0.83,556,n,N
-33.09507,-71.46712,13.17,556,n,N
-32.9996,-71.46676,8.35,1819,n,N
-33.10316,-71.46667,51.94,1819,l,N
-33.09163,-71.46641,13.17,556,n,N
-33.00323,-71.46606,8.35,1819,n,N
-33.0882,-71.4657,1.21,556,n,N
-33.16636,-71.46558,13.07,1819,n,N
-33.00687,-71.46535,60.59,1819,n,N
-33.08479,-71.46488,1.21,556,n,N
-33.0105,-71.46461,60.59,1819,h,N
-33.08136,-71.46415,2.63,556,n,N
-33.07744,-71.46414,62.65,1819,l,N
-33.01413,-71.46392,50.08,1819,l,N
-33.08107,-71.46343,9.31,1819,l,N
-33.07793,-71.46342,2.63,556,n,N
-33.09569,-71.46268,13.17,556,n,N
-33.07106,-71.462,2.1,556,n,N
-33.09226,-71.46194,13.17,556,n,N
-33.10258,-71.46183,51.94,1819,h,N
-33.06762,-71.46137,1.06,556,n,N
-33.08884,-71.4612,1.21,556,n,N
-33.16209,-71.46114,165.59,1819,l,N
-33.08379,-71.46045,7.01,1819,n,N
-33.08197,-71.45979,2.63,556,n,N
-33.08045,-71.45844,8.63,1819,n,N
-33.0947,-71.45821,23.93,1819,n,N
-33.08407,-71.45765,8.63,1819,n,N
-33.09834,-71.45753,65.31,1819,l,N
-33.0877,-71.45686,20.84,1819,l,N
-33.09133,-71.45613,20.84,1819,n,N
-33.06891,-71.45541,124.07,1819,h,N
-33.08318,-71.45534,7.01,1819,n,N
-33.07256,-71.4548,19.21,1819,n,N
-33.08681,-71.45453,7.01,1819,n,N
-33.07619,-71.45411,19.21,1819,n,N
-33.09044,-71.45381,23.93,1819,n,N
-33.07983,-71.45341,8.63,1819,n,N
-33.09408,-71.45312,23.93,1819,l,N
-33.08345,-71.45261,8.63,1819,n,N
-33.08707,-71.45183,20.84,1819,n,N
-33.0907,-71.45111,20.84,1819,l,N
-33.08258,-71.45039,57.86,1819,h,N
-33.06829,-71.45039,71.9,1819,n,N
-33.07194,-71.44982,70.08,1819,l,N
-33.08622,-71.44962,57.86,1819,l,N
-33.07557,-71.44914,70.08,1819,h,N
-33.08985,-71.44888,43.72,1819,n,N
-33.07921,-71.44845,45.55,1819,n,N
-33.08283,-71.44771,45.55,1819,l,N
-33.08645,-71.44691,61.32,1819,l,N
-33.06767,-71.4454,71.9,1819,l,N
-33.07132,-71.44482,70.08,1819,h,N
-33.07494,-71.44415,70.08,1819,n,N
-33.07068,-71.43977,222.91,1819,h,N
-33.05442,-71.32748,1.85,556,n,N
-33.10376,-71.31906,11.72,1819,l,N
-33.03436,-71.31878,0.92,556,n,N
-33.02569,-71.31848,1.6,556,n,N
-33.02225,-71.31778,1.27,556,n,N
-33.02747,-71.31735,1.32,556,n,N
-33.0188,-71.31709,1.27,556,n,N
-33.01535,-71.31641,1.7,556,n,N
-33.0119,-71.31575,1.7,556,n,N
-33.00845,-71.31508,1.88,556,n,N
-33.03497,-71.31431,0.92,556,n,N
-33.0142,-71.31342,7.66,1819,l,N
-33.06377,-71.3111,0.86,556,n,N
-33.00906,-71.3107,1.88,556,n,N
-33.06033,-71.31036,0.81,556,n,N
-33.00271,-71.31024,16.65,1819,n,N
-33.00633,-71.3096,16.65,1819,n,N
-33.00996,-71.30904,12.19,1819,n,N
-33.09251,-71.30838,0.87,556,n,N
-33.03101,-71.30588,1.08,556,n,N
-33.03274,-71.30473,0.81,556,n,N
-33.02929,-71.30403,0.81,556,n,N
